169152472000000,1,0.34967285,-3.027305,9.383687
169152489000000,1,0.102985844,-3.5015187,9.438772
169152489000000,1,-0.014370117,-3.755391,9.400452
169152505000000,1,0.009580079,-3.9014869,9.21364
169152505000000,1,0.29937744,-4.064348,8.971744
169152522000000,1,0.62989014,-4.4667115,8.54064
169152539000000,1,1.0538087,-4.8139896,8.854387
169152539000000,1,1.21188,-4.6678934,8.840017
169152556000000,1,1.4178516,-4.1553593,8.813672
169152556000000,1,1.4753321,-3.6404297,8.749006
169152573000000,1,1.4944923,-3.6092947,8.720266
169152589000000,1,1.4705421,-3.8248463,8.657996
169152589000000,1,1.3723463,-4.1098537,8.382568
169152589000000,4,-2.1945355,-0.68625957,0.023275921
169152606000000,1,1.4370118,-4.4475513,8.54543
169152606000000,1,1.6549586,-5.101392,8.382568
169152623000000,1,1.6813037,-5.654641,8.53106
169152640000000,1,1.7244141,-5.9061184,8.677156
169152640000000,1,1.84177,-5.8055277,8.466394
169152656000000,1,2.0070264,-5.47741,8.210127
169152656000000,1,2.047742,-5.1660576,7.9969707
169152673000000,1,1.9758912,-5.237908,7.8891945
169152690000000,1,1.7675245,-5.367239,7.9849954
169152690000000,1,1.477727,-5.7791824,8.040081
169152707000000,1,1.3771362,-6.0378447,7.781419
169152707000000,1,1.6717237,-5.7312818,7.5706573
169152724000000,1,2.1195924,-5.024751,7.455696
169152740000000,1,2.2896388,-4.2008643,7.173084
169152740000000,1,2.0812721,-3.8535867,7.089258
169152757000000,1,1.6190332,-4.164939,7.34313
169152757000000,4,-0.09010569,-0.098233595,-0.46035415
169152757000000,1,1.2094849,-4.7157936,7.110813
169152774000000,1,1.104104,-5.1947975,6.725215
169152791000000,1,1.0538087,-4.8666797,6.4162574
169152791000000,1,1.2765454,-4.253555,6.320457
169152807000000,1,1.7124391,-4.5529323,6.2725563
169152807000000,1,2.0309765,-5.230723,5.9707837
169152824000000,1,2.0285816,-5.47262,5.513335
169152841000000,1,1.707649,-5.927674,5.3097587
169152841000000,1,1.5304176,-6.471343,5.2187476
169152858000000,1,1.6932789,-6.3132715,5.2283278
169152858000000,1,2.2608986,-5.886958,5.4486694
169152875000000,1,2.7207422,-6.0402393,5.1708474
169152891000000,1,2.3638844,-7.31918,5.254673
169152891000000,1,1.9184108,-9.261541,5.841453
169152908000000,1,1.6573536,-10.720108,5.872588
169152908000000,1,1.1472144,-11.481724,5.130132
169152908000000,4,-4.3953724,0.1446467,0.38440058
169152925000000,1,1.1376343,-11.086546,4.7301636
169152942000000,1,1.477727,-9.965676,4.0859036
169152942000000,1,1.6070582,-9.793235,3.532654
169152958000000,1,1.8609302,-10.162068,3.3937428
169152958000000,1,1.9423609,-9.939331,3.417693
169152975000000,1,2.0405567,-9.287886,3.3602126
169152992000000,1,2.071692,-8.768167,3.2596216
169152992000000,1,2.0237916,-8.650811,3.3171022
169153009000000,1,1.8274,-8.361013,3.04407
169153009000000,1,1.6860938,-8.4376545,3.1374757
169153026000000,1,1.8968556,-8.770562,3.899092
169153042000000,1,2.0860622,-8.789722,4.387676
169153042000000,1,1.7148341,-9.0004835,4.311035
169153059000000,1,0.8214917,-9.105865,4.4547367
169153059000000,1,0.021555176,-8.672366,4.7972245
169153076000000,1,-0.30177248,-8.713081,4.8020144
169153076000000,4,0.42974338,0.6783442,1.719177
169153093000000,1,-0.13891114,-9.091495,4.373306
169153093000000,1,0.00239502,-9.045989,3.911067
169153109000000,1,0.05508545,-8.823253,3.6859353
169153109000000,1,0.12693603,-9.05557,3.410508
169153126000000,1,-0.23710695,-9.800421,2.42376
169153126000000,1,-0.9532178,-10.207574,2.2106032
169153143000000,1,-2.2441335,-9.889036,2.811753
169153160000000,1,-3.7290456,-10.722503,4.133804
169153160000000,1,-2.9961696,-9.321417,4.526587
169153177000000,1,-2.3375392,-7.814949,4.2128396
169153177000000,4,0.8009881,0.25649947,-0.60469747
169153244000000,1,-1.9926564,-9.352551,3.9901028
169153260000000,1,-2.1004322,-9.357342,4.5409575
169153260000000,1,-1.5950831,-9.168135,4.471502
169153277000000,1,-0.3161426,-9.263936,3.558999
169153277000000,1,0.37122804,-8.4448395,3.7434156
169153294000000,1,0.1341211,-7.326365,4.624783
169153311000000,1,-0.2562671,-7.2401443,4.9361353
169153311000000,1,-0.44786867,-8.056846,4.5457473
169153328000000,1,-0.6466553,-8.907078,4.2032595
169153328000000,1,-0.98435307,-9.062755,4.8331494
169153344000000,1,-1.341211,-8.57896,6.119275
169153361000000,1,-1.6669337,-7.917935,7.1299734
169153361000000,1,-1.6884888,-7.4030056,7.1467385
169153378000000,1,-1.587898,-6.967112,7.790999
169153378000000,1,-1.5328126,-7.0413575,9.273516
169153395000000,1,-1.2478052,-7.8532696,8.408914
169153395000000,4,-1.0610942,0.2453142,-0.6366554
169153411000000,1,-0.7376661,-9.043594,7.031778
169153411000000,1,-0.4526587,-9.388477,6.2701616
169153428000000,1,-0.019160157,-8.916658,5.6905665
169153428000000,1,0.5939649,-8.959768,5.2115626
169153445000000,1,0.9364527,-8.998089,4.703819
169153462000000,1,1.0777588,-9.129815,4.014053
169153462000000,1,0.9987232,-8.713081,3.3721876
169153479000000,1,0.7951465,-7.92033,2.7135572
169153479000000,1,0.5748047,-7.8604546,3.2859669
169153495000000,1,0.8143067,-9.522598,3.3362625
169153512000000,1,1.2525953,-10.403965,3.5685792
169153512000000,1,1.3986914,-9.855506,3.3218923
169153529000000,1,1.5328126,-9.623189,1.5663428
169153529000000,1,1.6286134,-9.002879,1.3483961
169153546000000,1,1.8202149,-8.672366,0.7113208
169153562000000,1,1.8585353,-8.966953,0.1939966
169153562000000,4,-1.0317994,-0.52806777,-0.5423795
169153562000000,1,1.8345851,-7.702383,0.98435307
169153579000000,1,1.7962648,-6.095325,2.064507
169153579000000,1,1.2549903,-6.339617,2.3830445
169153596000000,1,0.53169435,-9.172925,2.682422
169153613000000,1,0.10538086,-11.508069,3.7266505
169153613000000,1,0.35925296,-11.06978,3.8104763
169153630000000,1,1.0729688,-9.5489435,2.4333398
169153630000000,1,1.3555812,-9.625584,1.6717237
169153646000000,1,1.1376343,-11.670931,1.6357985
169153663000000,1,1.4154567,-12.269686,1.2861255
169153663000000,1,2.2680836,-11.148816,0.023950197
169153680000000,1,3.1207106,-10.962005,0.5843848
169153680000000,1,3.5063088,-10.528506,0.92208254
169153697000000,1,3.319497,-10.193204,1.1256592
169153713000000,1,2.9410841,-9.980047,1.1831397
169153713000000,1,2.8261232,-9.604029,1.3771362
169153713000000,4,-1.0472457,0.40244073,-0.848643
169153730000000,1,3.056045,-9.266331,2.189048
169153730000000,1,3.283572,-8.966953,1.8800904
169153747000000,1,3.06802,-9.431587,0.974773
169153764000000,1,2.3495142,-11.076965,0.96040285
169153764000000,1,2.1531227,-10.437495,1.8776954
169153781000000,1,2.675237,-8.533455,0.5292993
169153781000000,1,2.3686745,-7.8891945,0.14370118
169153797000000,1,2.071692,-7.846084,0.07903565
169153814000000,1,2.3375392,-7.429351,-0.8430469
169153814000000,1,2.7087672,-7.414981,-1.0514137
169153831000000,1,3.1063404,-8.054451,-1.1448194
169153831000000,1,3.5661843,-9.208851,-1.2957057
169153848000000,1,4.232,-9.239985,-1.7842896
169153864000000,1,4.711004,-9.204061,-1.9040406
169153864000000,1,4.8163843,-8.902288,-1.7747096
169153881000000,1,4.6726832,-8.416099,-1.8776954
169153881000000,4,-2.6504688,0.568622,-0.8710136
169153881000000,1,4.3637257,-8.416099,-1.3028907
169153898000000,1,4.272715,-7.767049,-1.0753639
169153915000000,1,4.232,-8.428074,-1.9279908
169153915000000,1,3.9709425,-10.621912,-1.961521
169153932000000,1,3.9613624,-11.987073,-2.1100123
169153932000000,1,4.1146436,-11.079361,-2.1603076
169153948000000,1,4.1050634,-9.031619,-1.336421
169153948000000,1,3.788921,-8.109536,-0.17244141
169153965000000,1,3.3865578,-7.2401443,-0.5628296
169153982000000,1,3.05844,-6.7539554,-1.3483961
169153982000000,1,3.2069314,-6.792276,-2.2824538
169153999000000,1,3.9326222,-7.3383403,-2.9817994
169153999000000,1,4.7253737,-8.293953,-3.302732
169154015000000,1,5.0894165,-8.650811,-2.8213332
169154032000000,1,5.1157618,-5.017566,-0.16286133
169154032000000,1,5.1540823,-0.34488282,-15.728094
169154032000000,4,-1.3364651,0.41788706,-0.6638196
169154049000000,1,4.7876444,0.22513184,-18.099163
169154049000000,1,6.06419,0.44307864,4.0020776
169154066000000,1,3.9014869,-15.313756,3.3434474
169154083000000,1,3.0105398,-22.819748,-2.5123756
169154083000000,1,6.248606,-12.775035,-5.2929935
169154099000000,1,8.152647,-12.14275,-1.6765138
169154099000000,1,7.829319,-9.012459,0.026345216
169154116000000,1,5.728887,-6.2797413,-0.44307864
169154133000000,1,3.4584084,-4.164939,-1.1567944
169154133000000,1,2.6201515,-3.1350808,-3.3314724
169154150000000,1,3.2404616,-3.8320315,-5.824688
169154150000000,1,4.392466,-5.829478,-6.6916847
169154166000000,1,5.8893533,-7.6329274,-7.038963
169154183000000,1,7.398216,-7.589817,-5.7983427
169154183000000,1,7.680828,-6.856941,-5.357659
169154200000000,1,6.69408,-6.0306597,-4.646338
169154200000000,4,-1.3295408,0.19098571,-0.220137
169154200000000,1,5.640271,-4.90979,-3.887117
169154217000000,1,5.108577,-4.026028,-3.7218604
169154233000000,1,5.3097587,-3.5063088,-4.679868
169154233000000,1,6.05461,-3.6691701,-6.962322
169154250000000,1,6.353987,-4.998406,-7.168294
169154250000000,1,5.6857767,-9.426797,-4.8523097
169154267000000,1,5.381609,-10.066268,-4.3134303
169154284000000,1,2.912344,-8.844808,-1.5088624
169154351000000,1,3.0129347,-9.093889,-2.0621119
169154351000000,1,3.4584084,-7.32876,-3.3290772
169154351000000,4,-0.053886693,0.022673922,-0.064608395
169154368000000,1,3.9733377,-9.929751,-9.309442
169154384000000,1,3.2452517,-9.019644,-6.7850904
169154384000000,1,3.5757644,-4.5864625,-4.4691067
169154401000000,1,4.0044727,-3.4296682,-4.385281
169154401000000,1,3.4608033,-3.8487966,-4.3565407
169154418000000,1,3.0105398,-5.736072,-3.896697
169154435000000,1,3.1446607,-7.774234,-2.9530592
169154435000000,1,3.5829494,-9.5489435,-2.42376
169154452000000,1,4.2080493,-9.74294,-3.04886
169154452000000,1,4.5601172,-9.271121,-4.30385
169154468000000,1,4.4499464,-6.686895,-5.5396805
169154485000000,1,3.9901028,-4.9385304,-6.353987
169154485000000,1,3.776946,-3.9853127,-5.7552323
169154502000000,1,4.358936,-4.5313773,-6.0593996
169154502000000,1,5.0271463,-6.7779055,-5.9228835
169154519000000,1,5.3313136,-10.528506,-5.295388
169154519000000,4,2.5432281,-1.3973236,0.7508516
169154535000000,1,4.88584,-12.995377,-3.408113
169154535000000,1,4.6750784,-12.897181,-3.5805542
169154552000000,1,4.840335,-12.226575,-4.6607084
169154552000000,1,4.8523097,-11.014695,-5.6570363
169154569000000,1,4.4188113,-10.645863,-6.2989016
169154586000000,1,3.6260598,-10.698553,-7.151529
169154586000000,1,3.027305,-10.391991,-7.4748564
169154603000000,1,2.9746144,-10.744058,-6.13604
169154603000000,1,3.7146754,-10.174044,-6.332432
169154619000000,1,4.4451566,-8.811277,-5.702542
169154636000000,1,4.782854,-7.7574687,-4.517007
169154636000000,1,4.82357,-6.1743608,-3.891907
169154653000000,1,4.608018,-4.926555,-2.8333082
169154653000000,1,4.6104126,-5.108577,-2.3758595
169154670000000,1,4.622388,-5.9396486,-1.6334034
169154686000000,1,4.505032,-7.038963,-0.40715334
169154686000000,4,6.6162663,-0.849245,0.31675628
169154686000000,1,4.5074267,-8.344249,0.42152345
169154703000000,1,4.7301636,-8.744217,0.98914313
169154703000000,1,5.1900077,-8.2125225,1.4394068
169154720000000,1,5.623506,-7.589817,1.3867164
169154720000000,1,5.5253105,-7.398216,1.5064673
169154737000000,1,5.0774417,-7.692803,1.7363893
169154754000000,1,4.734954,-7.90117,1.961521
169154754000000,1,4.6894484,-7.7862086,2.1603076
169154770000000,1,4.8259645,-7.7550735,2.1171973
169154770000000,1,4.9792457,-7.8436894,2.3519094
169154787000000,1,5.223538,-7.9969707,2.4525
169154804000000,1,5.47741,-8.277188,2.5051906
169154804000000,1,5.50136,-8.456815,2.8141482
169154821000000,1,5.4342995,-7.8436894,3.302732
169154821000000,1,5.216353,-6.919212,3.6188745
169154837000000,1,4.5936475,-6.5407987,4.2248144
169154837000000,4,2.879319,-0.43166137,0.052570693
169154854000000,1,3.999683,-6.253396,4.6774735
169154854000000,1,3.776946,-5.716912,5.0031962
169154871000000,1,3.7697608,-5.108577,4.761299
169154871000000,1,3.803291,-4.9648757,4.720584
169154888000000,1,3.8200562,-5.2762284,5.0630717
169154905000000,1,3.642825,-5.6618266,5.2738333
169154905000000,1,3.3386574,-6.0258694,5.5708156
169154921000000,1,3.1542408,-6.365962,6.1240654
169154921000000,1,3.151846,-6.638994,6.183941
169154938000000,1,3.2141163,-6.9934573,6.100115
169154955000000,1,3.661985,-6.8665214,5.997129
169154955000000,1,4.184099,-6.6174393,5.8198977
169154972000000,1,4.368516,-6.1767554,5.9037232
169154972000000,1,4.176914,-5.613926,6.119275
169154988000000,1,3.7482057,-5.53489,5.894143
169155005000000,1,3.3889527,-5.836663,5.6450615
169155005000000,4,0.32321692,-0.1099515,0.44405538
169155005000000,1,3.3266823,-6.1240654,5.3480787
169155022000000,1,3.4823585,-6.2270513,5.127737
169155022000000,1,3.7218604,-6.1528053,5.007986
169155039000000,1,3.8320315,-6.1647806,5.0702567
169155056000000,1,3.796106,-6.310877,5.269043
169155056000000,1,3.647615,-6.574329,5.7145166
169155072000000,1,3.4655933,-6.6509695,6.11688
169155072000000,1,3.2500417,-6.586304,6.3970976
169155089000000,1,3.1135256,-6.7707205,6.488108
169155106000000,1,3.432063,-7.6089773,6.5336137
169155106000000,1,3.415298,-7.453301,5.942044
169155123000000,1,3.6979103,-7.8508744,6.100115
169155123000000,1,3.7482057,-8.056846,5.9300685
169155139000000,1,3.8631666,-8.423284,6.1935205
169155156000000,1,3.9350173,-8.851993,6.246211
169155156000000,1,4.0499783,-9.026829,6.262976
169155156000000,4,0.21562521,0.18885517,0.15696661
169155173000000,1,4.143384,-8.418494,6.0570045
169155173000000,1,4.2439747,-7.28565,5.367239
169155190000000,1,4.1098537,-6.143225,5.367239
169155207000000,1,3.784131,-5.736072,5.5875807
169155207000000,1,3.4799635,-5.9300685,5.6522465
169155223000000,1,3.3242872,-6.2749515,5.5540504
169155223000000,1,3.302732,-6.662945,5.357659
169155240000000,1,3.2117214,-7.070098,5.5588408
169155257000000,1,3.171006,-7.462881,5.8438478
169155257000000,1,3.2859669,-7.5251517,5.7887626
169155274000000,1,3.307522,-7.2569094,6.1815457
169155274000000,1,3.295547,-7.4676714,6.2869267
169155290000000,1,3.307522,-7.573052,6.0450296
169155307000000,1,3.182981,-7.1706886,6.109695
169155307000000,1,3.0752053,-6.6485744,5.9013286
169155324000000,1,2.9937747,-6.1575956,6.356382
169155324000000,4,0.4569076,0.45943236,0.3135605
169155324000000,1,2.703977,-6.1216702,7.32876
169155341000000,1,2.4716604,-6.09293,6.919212
169155358000000,1,2.3303542,-5.894143,6.6916847
169155358000000,1,2.2249732,-5.865403,6.4976883
169155374000000,1,2.1291726,-5.985154,7.2593045
169155374000000,1,2.0333717,-6.1456203,7.065308
169155391000000,1,1.707649,-6.356382,7.204219
169155408000000,1,1.3891114,-6.672525,6.9024467
169155408000000,1,1.4441968,-7.3000197,6.4210477
169155425000000,1,1.8202149,-8.020921,6.353987
169155425000000,1,2.1363575,-8.164622,6.5048733
169155441000000,1,2.186653,-7.086863,7.577842
169155458000000,1,2.1171973,-5.9468336,7.7215433
169155458000000,1,1.465752,-5.4678297,7.340735
169155475000000,1,0.7927515,-5.601951,6.928792
169155475000000,1,0.7664063,-6.4066777,6.550379
169155475000000,4,-0.06240881,0.2272047,0.13512869
169155492000000,1,1.1903248,-7.726333,6.344407
169155492000000,1,1.8154249,-8.52148,5.9133034
169155509000000,1,2.699187,-8.722662,5.5396805
169155525000000,1,3.4584084,-8.600515,5.4199295
169155525000000,1,3.7098854,-7.8412943,5.4462748
169155542000000,1,3.3051271,-6.8497562,5.8510327
169155542000000,1,2.44771,-6.1815457,6.72761
169155559000000,1,1.5950831,-5.980364,7.2832546
169155576000000,1,1.1400293,-6.0833497,7.5179667
169155576000000,1,0.977168,-6.368357,7.223379
169155592000000,1,0.8765772,-6.7611403,6.878496
169155592000000,1,0.9364527,-7.29523,6.6509695
169155609000000,1,1.2789404,-7.817344,6.5719337
169155626000000,1,1.84177,-8.052056,6.552774
169155626000000,1,2.3495142,-7.8197393,6.607859
169155643000000,1,2.574646,-7.206614,6.6988697
169155643000000,4,0.23586524,-0.17493263,0.13459606
169155643000000,1,2.3519094,-6.430628,6.701265
169155660000000,1,1.8130299,-5.841453,6.935977
169155676000000,1,1.465752,-5.865403,7.4580913
169155676000000,1,1.5160475,-6.183941,7.541917
169155693000000,1,1.6429834,-6.2845316,7.776629
169155693000000,1,1.5567628,-6.356382,7.781419
169155710000000,1,1.468147,-6.6413894,7.6089773
169155727000000,1,1.5376027,-6.823411,7.4125857
169155727000000,1,1.7531544,-6.480923,7.288045
169155743000000,1,1.9758912,-5.6809864,7.3096
169155743000000,1,1.8369801,-5.0439115,7.2616997
169155760000000,1,1.4298267,-4.88105,7.3622904
169155777000000,1,1.0633887,-5.221143,7.4748564
169155777000000,1,1.4585669,-5.695357,7.151529
169155794000000,1,2.2680836,-6.071375,7.189849
169155794000000,1,2.9051588,-6.080955,7.194639
169155794000000,4,1.1866138,-0.3251349,-0.12532847
169155811000000,1,3.5039136,-5.894143,7.3455253
169155827000000,1,3.8080812,-5.6450615,7.589817
169155827000000,1,3.6164796,-5.1732426,7.788604
169155844000000,1,3.05844,-4.5313773,7.8508744
169155844000000,1,2.3495142,-4.133804,7.9562554
169155861000000,1,1.8489552,-4.184099,7.7239385
169155878000000,1,1.7842896,-4.4499464,7.4748564
169155878000000,1,1.9806812,-4.86189,7.565867
169155894000000,1,2.323169,-5.1852174,7.549102
169155894000000,1,2.7207422,-5.1900077,7.582632
169155911000000,1,2.8428884,-4.8499146,7.8269243
169155928000000,1,2.5315359,-4.387676,8.121511
169155928000000,1,2.0812721,-3.8751419,8.361013
169155945000000,1,1.7172291,-3.4679885,8.5598
169155945000000,1,1.6094532,-3.4895437,8.5430355
169155962000000,1,1.6549586,-3.9206471,8.361013
169155962000000,4,0.8334786,0.14730987,-0.12692636
169155978000000,1,2.1315675,-4.3182206,8.133487
169155978000000,1,2.6584718,-4.3158255,8.183782
169155995000000,1,2.8500733,-3.9829175,8.174202
169155995000000,1,2.6153615,-3.6308498,8.327483
169156012000000,1,2.2441335,-3.5637891,8.667576
169156029000000,1,2.0429518,-3.6021094,8.911868
169156029000000,1,2.1555176,-3.4751735,8.669971
169156045000000,1,2.318379,-3.2165112,8.293953
169156045000000,1,2.3758595,-2.9889846,8.059241
169156062000000,1,2.2321582,-2.9865894,8.502319
169156079000000,1,1.8753004,-3.4991236,8.751402
169156079000000,1,1.8800904,-3.9541774,9.026829
169156096000000,1,2.1483326,-4.1984696,9.414823
169156096000000,1,2.5698562,-3.8152664,9.793235
169156113000000,1,2.675237,-2.9770093,10.106983
169156129000000,1,2.3878345,-2.184258,10.102193
169156129000000,4,1.0715653,0.10310139,-0.03691152
169156129000000,1,1.8920655,-1.710044,9.659114
169156146000000,1,1.6357985,-1.4992822,8.832832
169156146000000,1,1.719624,-1.3555812,8.265213
169156163000000,1,1.9423609,-1.2382251,8.104747
169156180000000,1,2.064507,-1.346001,8.040081
169156180000000,1,2.2058132,-1.583108,7.9155397
169156196000000,1,2.2968237,-1.81782,8.217313
169156196000000,1,2.2800586,-1.9040406,8.598121
169156213000000,1,2.1746778,-1.84177,8.875943
169156230000000,1,1.954336,-1.9974464,9.172925
169156230000000,1,1.7914747,-2.4213648,9.1849
169156247000000,1,1.7747096,-2.8524685,9.201666
169156247000000,1,2.1124072,-2.938689,9.13221
169156264000000,1,2.335144,-2.6536818,9.137
169156264000000,1,2.2393434,-2.1435425,9.244776
169156280000000,1,1.947151,-1.6813037,9.244776
169156280000000,4,-0.11567204,0.13559195,0.004101161
169156297000000,1,1.6884888,-1.583108,9.261541
169156297000000,1,1.6621436,-1.705254,9.268726
169156314000000,1,1.7627344,-2.0429518,9.3309965
169156314000000,1,2.0573218,-2.5291407,9.024434
169156331000000,1,2.4261549,-2.7662477,8.885523
169156347000000,1,2.5842261,-2.6297317,9.045989
169156347000000,1,2.3974147,-2.2129982,9.148975
169156364000000,1,2.0453467,-1.9279908,9.3453665
169156364000000,1,1.7172291,-1.8130299,9.405242
169156381000000,1,1.6046631,-1.7148341,9.287886
169156398000000,1,1.6597486,-1.6429834,9.057964
169156398000000,1,1.7435743,-1.6262183,8.811277
169156415000000,1,1.8226099,-1.5567628,8.703502
169156415000000,1,1.8681153,-1.4585669,8.792117
169156431000000,1,1.7124391,-1.7004639,9.022039
169156448000000,1,1.5471827,-2.3447242,8.969349
169156448000000,4,-0.5939757,0.025869714,-0.02732414
169156448000000,1,1.5328126,-3.0057497,9.005274
169156465000000,1,1.7148341,-3.5134938,8.904683
169156465000000,1,2.1339624,-3.6045046,8.828042
169156482000000,1,2.5004005,-3.3458424,9.050779
169156498000000,1,2.5818312,-3.0009596,9.0148535
169156498000000,1,2.3926246,-2.694397,9.223221
169156515000000,1,1.9734962,-2.9698243,10.154883
169156515000000,1,1.7028589,-3.4488282,9.75252
169156532000000,1,1.8944606,-3.4368532,8.916658
169156549000000,1,2.179468,-3.3721876,8.5119
169156549000000,1,2.4141798,-3.3626075,8.272398
169156566000000,1,2.3974147,-3.4847536,8.143066
169156566000000,1,2.3782544,-3.661985,8.143066
169156582000000,1,2.3734643,-3.894302,8.519085
169156599000000,1,2.304009,-4.018843,8.801697
169156599000000,1,2.2968237,-3.6955154,8.820857
169156599000000,4,-0.5918452,-0.1445726,-0.21161489
169156616000000,1,2.2321582,-2.9889846,8.746612
169156616000000,1,1.9950514,-2.4261549,8.760982
169156633000000,1,1.7363893,-2.2249732,8.772957
169156649000000,1,1.4513819,-2.5099807,8.804092
169156649000000,1,1.3268409,-3.159031,8.974138
169156666000000,1,1.5016773,-3.9517825,9.062755
169156666000000,1,1.9184108,-4.485872,8.818462
169156683000000,1,2.3590944,-4.591253,8.528665
169156700000000,1,2.703977,-4.4427614,8.176597
169156700000000,1,2.7255323,-4.4331813,8.018526
169156717000000,1,2.567461,-4.4667115,7.9538603
169156717000000,1,2.3447242,-4.497847,8.049661
169156733000000,1,2.1243825,-4.497847,8.178992
169156750000000,1,1.9351759,-4.373306,8.202942
169156750000000,1,1.8202149,-4.2032595,8.231683
169156767000000,1,1.7627344,-4.1553593,8.190968
169156767000000,4,-0.28078803,-0.010349277,0.050440162
169156767000000,1,1.707649,-4.3445654,8.2197075
169156784000000,1,1.8130299,-4.5888577,8.313113
169156800000000,1,1.9782863,-4.7062135,8.270002
169156800000000,1,2.1315675,-4.4643164,8.150251
169156817000000,1,2.323169,-4.119434,7.9538603
169156817000000,1,2.4740553,-4.0595584,7.7167535
169156834000000,1,2.5291407,-4.2104445,7.7622585
169156851000000,1,2.555486,-4.502637,7.7550735
169156851000000,1,2.6105714,-4.878655,7.7215433
169156868000000,1,2.567461,-5.237908,7.999366
169156868000000,1,2.5075855,-5.503755,8.150251
169156884000000,1,2.5004005,-5.6905665,8.128696
169156901000000,1,2.4572902,-5.7719975,8.080796
169156901000000,1,2.3830445,-5.6666164,7.822134
169156918000000,1,2.3327491,-5.5660257,7.563472
169156918000000,1,2.3566992,-5.2929935,7.6449027
169156918000000,4,-0.723938,-0.00875138,-0.008682012
169156935000000,1,2.4213648,-5.1900077,7.340735
169156951000000,1,2.4141798,-5.4606447,7.2688847
169156951000000,1,2.3830445,-5.597161,7.5035963
169156968000000,1,2.4022048,-5.5157304,7.647298
169156968000000,1,2.3902297,-5.376819,7.7239385
169156985000000,1,2.318379,-5.2834134,7.8341093
169157002000000,1,2.189048,-5.1780324,7.937095
169157002000000,1,2.0285816,-4.998406,7.8748245
169157019000000,1,1.9040406,-4.873865,7.8891945
169157019000000,1,1.7579445,-4.749324,7.94428
169157035000000,1,1.7603394,-4.591253,7.8580594
169157035000000,1,1.83219,-4.471502,8.049661
169157052000000,1,1.8465601,-4.514612,7.95865
169157069000000,1,1.9327809,-4.8044095,7.812554
169157069000000,1,2.0046315,-5.1684523,7.6401124
169157086000000,1,2.2393434,-5.604346,7.4820414
169157086000000,4,-0.45975244,-0.008218749,-0.07046735
169157086000000,1,2.5123756,-5.951624,7.2425394
169157102000000,1,2.7231374,-5.9013286,7.077283
169157119000000,1,2.7566676,-5.597161,7.0437527
169157119000000,1,2.684817,-5.326524,7.110813
169157136000000,1,2.5459058,-5.2905984,7.204219
169157136000000,1,2.3998096,-5.4175344,7.197034
169157153000000,1,2.3327491,-5.630691,7.082073
169157170000000,1,2.311194,-5.860613,7.0006423
169157170000000,1,2.3495142,-6.0019193,6.9216065
169157186000000,1,2.3974147,-6.08814,6.8856816
169157186000000,1,2.44292,-6.2917166,6.7683253
169157203000000,1,2.42376,-6.6916847,6.543194
169157220000000,1,2.4069948,-7.1156034,6.3060865
169157220000000,1,2.4141798,-7.446116,6.047425
169157237000000,1,2.4836354,-7.6329274,5.7552323
169157237000000,1,2.5243506,-7.6281376,5.5708156
169157237000000,4,-2.179622,-0.17919369,0.055766486
169157253000000,1,2.5770411,-7.5083866,5.352869
169157270000000,1,2.5914114,-7.462881,5.1876125
169157270000000,1,2.4932153,-7.527547,5.144502
169157287000000,1,2.3950195,-7.5970025,5.4055595
169157287000000,1,2.2704787,-7.599397,5.6522465
169157304000000,1,2.2177882,-7.6592727,5.8127127
169157321000000,1,2.179468,-7.7239385,5.9635987
169157321000000,1,2.1171973,-7.6377177,5.9156985
169157337000000,1,2.0285816,-7.5035963,5.53489
169157337000000,1,2.0285816,-7.6305327,5.233118
169157354000000,1,2.090852,-7.9083548,5.0510964
169157371000000,1,2.203418,-8.241262,4.878655
169157371000000,1,2.315984,-8.389753,4.88584
169157388000000,1,2.454895,-8.47837,5.1828227
169157388000000,1,2.5890162,-8.351434,5.2355127
169157404000000,1,2.5866213,-8.042476,5.3073635
169157404000000,4,-0.44483876,-0.13764837,0.05363596
169157421000000,1,2.4069948,-7.6592727,5.3001785
169157421000000,1,2.2920337,-7.510782,5.2187476
169157438000000,1,2.2249732,-7.6137676,5.144502
169157438000000,1,2.193838,-7.8700347,5.0271463
169157455000000,1,2.2728736,-8.214917,4.9720607
169157472000000,1,2.3543043,-8.315508,4.9576907
169157472000000,1,2.3878345,-8.178992,4.9241605
169157488000000,1,2.411785,-7.8412943,4.9361353
169157488000000,1,2.3806496,-7.565867,5.046306
169157505000000,1,2.3423293,-7.4916215,5.0367265
169157522000000,1,2.2680836,-7.5083866,4.864285
169157522000000,1,2.1674929,-7.8700347,5.2355127
169157539000000,1,1.9758912,-8.562195,5.6570363
169157539000000,1,1.83219,-8.808882,5.49178
169157555000000,1,1.7148341,-8.442444,5.3384986
169157572000000,1,1.7148341,-7.7646537,5.3049684
169157572000000,4,-0.05761512,0.083394,0.25923198
169157572000000,1,1.9184108,-7.6377177,5.1780324
169157589000000,1,1.9255958,-7.4892263,5.319339
169157589000000,1,1.8992506,-7.326365,5.269043
169157606000000,1,1.8824854,-7.4964113,5.213958
169157622000000,1,1.8274,-7.9634404,5.2810183
169157622000000,1,1.710044,-8.452024,5.518125
169157639000000,1,1.6142433,-8.566985,5.6738014
169157639000000,1,1.5687379,-8.404124,5.6809864
169157656000000,1,1.587898,-8.341853,5.743257
169157673000000,1,1.6860938,-8.164622,5.53489
169157673000000,1,1.6477735,-7.879615,5.623506
169157690000000,1,1.3962965,-7.8269243,5.8893533
169157690000000,1,1.1520045,-7.927515,6.0761647
169157706000000,1,0.84065187,-7.9778104,5.965994
169157723000000,1,0.9651929,-8.181387,5.704937
169157723000000,1,1.4034815,-7.8748245,5.9061184
169157723000000,4,0.70032054,-0.06840619,0.009427483
169157740000000,1,1.5735279,-7.1395535,5.640271
169157740000000,1,1.4920973,-6.832991,5.6929617
169157757000000,1,1.2478052,-6.8904715,6.217471
169157773000000,1,0.98195803,-7.3527102,6.6365995
169157773000000,1,0.8167017,-7.9849954,6.6773148
169157790000000,1,0.7711963,-8.349038,6.605464
169157790000000,1,0.8262818,-8.329878,6.706055
169157807000000,1,1.2981006,-7.9706254,6.471343
169157807000000,1,1.7651294,-7.0078273,6.1815457
169157824000000,1,2.059717,-6.1528053,6.1935205
169157841000000,1,2.201023,-5.760022,6.3156667
169157841000000,1,2.1674929,-5.5468655,6.2965064
169157857000000,1,2.1531227,-5.621111,6.255791
169157857000000,1,2.0812721,-6.198311,6.1240654
169157874000000,1,2.1148024,-6.9048414,5.637876
169157891000000,1,2.3782544,-7.2497244,5.4438796
169157891000000,4,1.6169807,-0.4172803,0.25337303
169157891000000,1,2.7566676,-7.7167535,5.6690116
169157908000000,1,3.1326857,-8.262817,6.3707523
169157908000000,1,3.288362,-8.669971,6.8186207
169157924000000,1,3.3817677,-8.681946,6.744375
169157941000000,1,3.307522,-7.7646537,6.861731
169157941000000,1,3.7577858,-6.744375,7.6041875
169157958000000,1,4.1146436,-4.7636943,6.3923073
169157958000000,1,3.403323,-3.180586,6.464158
169157975000000,1,1.7411792,-3.9709425,9.0076685
169157992000000,1,0.28500733,-4.296665,9.433982
169157992000000,1,0.20118165,-3.307522,8.732242
169158008000000,1,1.4489869,-1.6118482,8.399334
169158008000000,1,2.1674929,0.34488282,8.617281
169158025000000,1,1.9208057,0.9484278,9.010064
169158042000000,1,1.7292042,0.24908204,8.650811
169158042000000,1,1.7866846,-1.0514137,8.425679
169158042000000,4,2.9565506,0.3806028,-0.80443454
169158059000000,1,1.9950514,-1.9998415,8.708291
169158059000000,1,2.4716604,-2.2273684,9.072334
169158075000000,1,2.2824538,-1.9255958,9.4435625
169158092000000,1,1.6334034,-1.4250367,9.551338
169158092000000,1,1.1520045,-0.9963282,9.536968
169158109000000,1,0.9987232,-0.57719976,9.479487
169158109000000,1,0.8909473,-0.25147706,9.426797
169158126000000,1,0.73527104,0.1460962,9.340576
169158143000000,1,0.5484595,0.35685793,9.644744
169158143000000,1,0.2945874,0.36883304,9.917776
169158159000000,1,0.06945557,0.24189699,9.836346
169158159000000,1,-0.05748047,0.15088624,9.798025
169158176000000,1,-0.00239502,0.19160157,9.865086
169158193000000,1,0.08861572,0.41194338,9.884246
169158193000000,1,0.11256592,0.6945557,9.601634
169158210000000,1,0.16286133,0.78556645,9.374106
169158210000000,4,0.7439964,0.29271847,-0.13704637
169158210000000,1,0.24189699,0.87418216,9.347761
169158226000000,1,0.34727785,1.1160791,10.066268
169158243000000,1,0.17483643,1.2861255,10.365645
169158243000000,1,-0.15328126,1.707649,9.970467
169158260000000,1,-0.086220704,2.1291726,9.455538
169158260000000,1,0.32572266,2.3854396,9.302257
169158277000000,1,0.6682105,2.3447242,9.4435625
169158294000000,1,0.7065308,2.088457,9.398057
169158294000000,1,0.60833496,1.6094532,9.390872
169158310000000,1,0.49337405,0.85023195,9.587264
169158310000000,1,0.35925296,0.2802173,9.697434
169158327000000,1,0.2778223,0.27303225,9.711804
169158344000000,1,0.24668702,0.62510014,9.687855
169158344000000,1,0.34727785,0.974773,9.580078
169158361000000,1,0.364043,1.0633887,9.644744
169158361000000,1,0.2921924,0.94603276,9.783655
169158361000000,4,-0.12738994,-0.026860876,0.19531614
169158377000000,1,0.20118165,0.8430469,9.783655
169158394000000,1,0.19639161,0.852627,9.862691
169158394000000,1,0.37122804,0.83586186,9.721385
169158411000000,1,0.5628296,0.89573735,9.541759
169158411000000,1,0.72569096,1.0825489,9.498648
169158428000000,1,0.82388675,1.4010864,9.498648
169158445000000,1,0.8286768,1.5543678,9.414823
169158445000000,1,0.7927515,1.3771362,9.342972
169158461000000,1,0.8167017,0.9651929,9.3381815
169158461000000,1,0.8669971,0.64186525,9.422008
169158478000000,1,0.9364527,0.53169435,9.539363
169158495000000,1,0.9651929,0.6227051,9.589659
169158495000000,1,0.90052736,0.6658155,9.630374
169158512000000,1,0.8861573,0.5748047,9.572893
169158512000000,1,0.9484278,0.39996827,9.5489435
169158528000000,1,1.0083033,0.29937744,9.534574
169158528000000,4,-0.42033768,-0.1429747,0.23206776
169158545000000,1,1.0370435,0.29698244,9.513018
169158545000000,1,1.0202783,0.2778223,9.508228
169158562000000,1,0.9508228,0.23950197,9.489068
169158562000000,1,0.9268726,0.15088624,9.462723
169158579000000,1,0.9244776,0.117355965,9.489068
169158596000000,1,0.92208254,0.11256592,9.568104
169158596000000,1,0.85023195,0.16286133,9.673484
169158612000000,1,0.76161623,0.2706372,9.764495
169158612000000,1,0.7185059,0.37362307,9.726174
169158629000000,1,0.73527104,0.39757326,9.568104
169158629000000,1,0.847837,0.3161426,9.534574
169158646000000,1,0.91010743,0.17004639,9.539363
169158663000000,1,0.91010743,0.026345216,9.505833
169158663000000,1,0.852627,-0.043110352,9.510623
169158679000000,1,0.86939216,-0.09580079,9.536968
169158679000000,1,0.8813672,-0.15088624,9.560919
169158679000000,4,-0.399565,-0.13605048,0.077604406
169158696000000,1,0.9580079,-0.119750984,9.630374
169158713000000,1,1.0609937,-0.06945557,9.651929
169158713000000,1,1.1496094,-0.014370117,9.601634
169158730000000,1,1.2070899,-0.06466553,9.7142
169158730000000,1,1.1999048,-0.22273682,9.702225
169158747000000,1,1.099314,-0.33530274,9.467513
169158763000000,1,1.0681788,-0.34727785,9.342972
169158763000000,1,1.096919,-0.33769777,9.376502
169158780000000,1,1.1687696,-0.39517823,9.445957
169158780000000,1,1.2094849,-0.5005591,9.479487
169158797000000,1,1.1639795,-0.52690434,9.477093
169158814000000,1,1.1663746,-0.44786867,9.366921
169158814000000,1,1.219065,-0.41194338,9.424402
169158830000000,1,1.2885206,-0.41912845,9.4435625
169158830000000,1,1.3244458,-0.4622388,9.383687
169158847000000,1,1.3004956,-0.6730005,9.405242
169158847000000,4,-0.6227379,-0.12379994,0.060027543
169158864000000,1,1.2310401,-1.0011182,9.539363
169158864000000,1,1.1663746,-1.3028907,9.553733
169158881000000,1,1.1376343,-1.5328126,9.565708
169158881000000,1,1.1783496,-1.6381935,9.503438
169158898000000,1,1.2406201,-1.6310084,9.433982
169158914000000,1,1.3052857,-1.5040723,9.501043
169158914000000,1,1.3244458,-1.4226416,9.472302
169158931000000,1,1.3172607,-1.4729371,9.280701
169158931000000,1,1.343606,-1.5352076,9.261541
169158948000000,1,1.3867164,-1.6405884,9.333391
169158965000000,1,1.3986914,-1.6908839,9.383687
169158965000000,1,1.4274317,-1.6860938,9.357342
169158981000000,1,1.4418018,-1.6932789,9.407638
169158981000000,1,1.4226416,-1.7914747,9.342972
169158998000000,1,1.3579761,-1.8513502,9.290281
169159015000000,1,1.343606,-1.8345851,9.311836
169159015000000,4,-0.6163463,-0.12273468,-0.07685894
169159015000000,1,1.3843213,-1.8824854,9.275911
169159032000000,1,1.4489869,-1.9567311,9.263936
169159032000000,1,1.4825171,-1.9830762,9.2256155
169159049000000,1,1.5208374,-2.066902,9.295072
169159065000000,1,1.5399976,-2.215393,9.314231
169159065000000,1,1.4849122,-2.3974147,9.287886
169159082000000,1,1.4609619,-2.5243506,9.206455
169159082000000,1,1.468147,-2.5578809,9.15137
169159099000000,1,1.5064673,-2.5459058,9.091495
169159116000000,1,1.5998731,-2.4908204,8.964559
169159116000000,1,1.6573536,-2.435735,9.029224
169159132000000,1,1.6741188,-2.5339308,9.280701
169159132000000,1,1.5926881,-2.6345215,9.235196
169159149000000,1,1.465752,-2.7183473,9.134604
169159166000000,1,1.4226416,-2.804568,9.14179
169159166000000,1,1.4944923,-2.8476784,9.093889
169159166000000,4,-0.48265564,-0.20049898,0.095713906
169159183000000,1,1.6142433,-2.931504,9.029224
169159183000000,1,1.710044,-2.9746144,8.907078
169159200000000,1,1.7699195,-2.9219239,8.919053
169159216000000,1,1.7890797,-2.914739,8.971744
169159216000000,1,1.7914747,-2.9913795,8.907078
169159233000000,1,1.8130299,-3.175796,8.859178
169159233000000,1,1.8824854,-3.2548318,8.854387
169159250000000,1,1.949546,-3.182981,8.832832
169159267000000,1,2.0118165,-3.0728102,8.770562
169159267000000,1,2.1315675,-3.1446607,8.770562
169159283000000,1,2.2968237,-3.319497,8.677156
169159283000000,1,2.4022048,-3.3985329,8.605306
169159300000000,1,2.4453151,-3.3626075,8.58854
169159317000000,1,2.4261549,-3.2117214,8.58854
169159317000000,1,2.320774,-3.0368848,8.667576
169159334000000,1,2.193838,-2.9506643,8.758587
169159334000000,4,-0.19716476,-0.18665054,0.062690705
169159334000000,1,2.0932472,-2.9865894,8.808882
169159351000000,1,2.0190015,-3.05844,8.758587
169159367000000,1,2.0070264,-3.180586,8.722662
169159367000000,1,2.0166066,-3.307522,8.765772
169159384000000,1,2.0261867,-3.422483,8.799302
169159384000000,1,2.0213966,-3.4823585,8.734636
169159401000000,1,2.0046315,-3.547024,8.691526
169159401000000,1,2.0118165,-3.6548,8.674761
169159418000000,1,2.0381618,-3.7290456,8.701106
169159434000000,1,2.076482,-3.6979103,8.713081
169159434000000,1,2.0980372,-3.647615,8.698711
169159451000000,1,2.047742,-3.551814,8.705896
169159451000000,1,2.0070264,-3.4584084,8.693921
169159468000000,1,1.9687061,-3.410508,8.693921
169159485000000,1,1.9423609,-3.391348,8.715476
169159485000000,1,1.9303858,-3.427273,8.768167
169159485000000,4,0.029736567,0.08765505,-0.002290426
169159502000000,1,1.9208057,-3.4727786,8.782537
169159502000000,1,1.8633252,-3.523074,8.842413
169159518000000,1,1.829795,-3.4967287,8.856783
169159535000000,1,1.81782,-3.432063,8.816068
169159535000000,1,1.8082398,-3.3314724,8.806487
169159552000000,1,1.829795,-3.2548318,8.847202
169159552000000,1,1.8585353,-3.2021413,8.842413
169159569000000,1,1.8753004,-3.1542408,8.856783
169159585000000,1,1.8824854,-3.1135256,8.837623
169159585000000,1,1.9399658,-3.1063404,8.760982
169159602000000,1,1.9255958,-3.1422658,8.813672
169159602000000,1,1.9160157,-3.2021413,8.813672
169159619000000,1,1.8944606,-3.2069314,8.818462
169159636000000,1,1.8058448,-3.2548318,8.871153
169159636000000,1,1.7483643,-3.297942,8.732242
169159653000000,1,1.7459693,-3.3482375,8.734636
169159653000000,4,-0.042168785,0.050370798,0.11275814
169159653000000,1,1.7411792,-3.5063088,8.931028
169159669000000,1,1.6860938,-3.6284547,8.907078
169159686000000,1,1.6501685,-3.6021094,8.866363
169159686000000,1,1.6334034,-3.5757644,8.950189
169159703000000,1,1.6142433,-3.4655933,8.892708
169159703000000,1,1.6717237,-3.2308815,8.820857
169159720000000,1,1.7723145,-3.06323,8.856783
169159736000000,1,1.9088306,-3.032095,8.796907
169159736000000,1,1.9902613,-3.06802,8.717872
169159753000000,1,1.9687061,-3.0895753,8.796907
169159753000000,1,1.8824854,-3.1853762,8.830438
169159770000000,1,1.7723145,-3.3123121,8.765772
169159787000000,1,1.7627344,-3.4296682,8.806487
169159787000000,1,1.7818946,-3.551814,8.801697
169159804000000,1,1.81782,-3.5853443,8.602911
169159804000000,1,1.9255958,-3.6332448,8.590936
169159804000000,4,-0.24989536,-0.13818102,0.27361307
169159820000000,1,2.0381618,-3.791316,8.784932
169159837000000,1,2.1100123,-3.9541774,8.657996
169159837000000,1,2.095642,-3.9901028,8.5502205
169159854000000,1,2.064507,-4.006868,8.55501
169159854000000,1,2.0429518,-3.9613624,8.394544
169159871000000,1,2.0094216,-3.899092,8.514295
169159887000000,1,1.9998415,-3.9014869,8.62207
169159887000000,1,1.9950514,-3.891907,8.341853
169159904000000,1,1.9711012,-3.772156,8.399334
169159904000000,1,1.9998415,-3.803291,8.6627865
169159921000000,1,2.0549269,-3.908672,8.634046
169159938000000,1,2.0453467,-3.899092,8.669971
169159938000000,1,1.9998415,-3.7937112,8.765772
169159955000000,1,1.8848804,-3.6140847,8.646021
169159955000000,1,1.7890797,-3.432063,8.602911
169159971000000,1,1.7387843,-3.3769777,8.681946
169159971000000,4,0.08885874,0.09724243,-0.002823058
169159988000000,1,1.7411792,-3.3769777,8.619676
169159988000000,1,1.7339942,-3.3937428,8.705896
169160005000000,1,1.7315992,-3.5254688,8.885523
169160005000000,1,1.705254,-3.7146754,8.873548
169160022000000,1,1.6693287,-3.8416114,8.830438
169160038000000,1,1.6573536,-3.9014869,8.804092
169160038000000,1,1.7028589,-3.911067,8.631651
169160055000000,1,1.7914747,-3.8823268,8.5502205
169160055000000,1,1.8489552,-3.8823268,8.6627865
169160072000000,1,1.8848804,-3.9374123,8.653206
169160089000000,1,1.9040406,-3.9469924,8.547825
169160089000000,1,1.8896705,-3.9637575,8.62207
169160106000000,1,1.9303858,-4.021238,8.5119
169160106000000,1,1.949546,-3.9733377,8.504715
169160122000000,1,1.9711012,-3.891907,8.629255
169160139000000,1,1.9758912,-3.7625759,8.586145
169160139000000,4,-0.013939277,-0.07586304,-0.04117258
169160139000000,1,2.0405567,-3.6212697,8.4304695
169160156000000,1,2.076482,-3.5973196,8.440049
169160156000000,1,2.088457,-3.68354,8.519085
169160173000000,1,2.0237916,-3.755391,8.5598
169160173000000,1,1.9399658,-3.9302273,8.5502205
169160189000000,1,1.9136207,-4.138594,8.56938
169160206000000,1,1.9016455,-4.239185,8.54064
169160206000000,1,1.8800904,-4.2511597,8.571775
169160223000000,1,1.8657203,-4.1002736,8.619676
169160223000000,1,1.829795,-3.8128712,8.691526
169160240000000,1,1.8250049,-3.515889,8.725057
169160257000000,1,1.9279908,-3.3482375,8.598121
169160257000000,1,2.1483326,-3.4009278,8.394544
169160273000000,1,2.4453151,-3.6979103,8.186177
169160273000000,1,2.6153615,-4.071533,7.9634404
169160290000000,1,2.7399025,-4.3206153,8.0999565
169160290000000,4,0.048378695,0.19364886,-0.4976384
169160307000000,1,2.5914114,-4.5888577,8.502319
169160307000000,1,2.1770728,-4.6511283,8.909473
169160324000000,1,1.7315992,-4.169729,9.1202345
169160324000000,1,1.5950831,-3.1853762,8.983719
169160340000000,1,1.8848804,-2.3662794,8.708291
169160357000000,1,2.4213648,-1.9663111,8.322693
169160357000000,1,3.0081446,-2.0237916,8.013736
169160374000000,1,3.3721876,-2.5243506,7.7526784
169160374000000,1,3.3889527,-3.2069314,7.189849
169160391000000,1,2.9889846,-3.9757326,7.094048
169160408000000,1,2.2824538,-4.88584,7.6041875
169160408000000,1,1.4370118,-5.743257,7.951465
169160424000000,1,0.81909674,-6.191126,8.162227
169160424000000,1,0.43349856,-6.6198344,7.589817
169160441000000,1,0.39517823,-6.9144216,7.340735
169160458000000,1,0.69695073,-7.6425076,7.1467385
169160458000000,4,-4.5993705,0.30709955,-0.58445746
169160458000000,1,1.0585986,-7.9897857,7.2832546
169160475000000,1,1.4346168,-7.5179667,7.165899
169160475000000,1,1.6310084,-6.701265,6.9719024
169160491000000,1,1.6334034,-6.06419,6.928792
169160508000000,1,1.4202466,-5.846243,6.6246243
169160508000000,1,1.214275,-6.095325,6.2749515
169160525000000,1,1.2741505,-6.3994923,5.8007374
169160525000000,1,1.4034815,-6.974297,5.6905665
169160542000000,1,1.7148341,-7.719148,5.6905665
169160559000000,1,1.8561403,-7.917935,5.5420756
169160559000000,1,1.6549586,-8.066426,5.5780005
169160575000000,1,1.3172607,-8.389753,5.836663
169160575000000,1,1.0346485,-8.914263,5.8917484
169160592000000,1,0.83586186,-9.2256155,5.616321
169160609000000,1,0.48379397,-9.18011,5.3935843
169160609000000,1,0.33769777,-9.316627,5.249883
169160609000000,4,-1.0626922,0.7028453,0.7428621
169160626000000,1,0.366438,-9.328602,4.9457154
169160626000000,1,0.58677983,-9.1849,4.6822634
169160642000000,1,0.83586186,-8.854387,4.382886
169160659000000,1,0.69216067,-8.3250885,4.402046
169160659000000,1,0.43349856,-8.054451,4.663103
169160676000000,1,0.15328126,-8.258028,4.744534
169160676000000,1,-0.17004639,-8.657996,4.8331494
169160693000000,1,-0.35925296,-8.703502,4.998406
169160710000000,1,-0.33290774,-8.315508,4.967271
169160710000000,1,-0.22513184,-7.776629,4.8020144
169160726000000,1,-0.14370118,-7.510782,4.7086086
169160726000000,1,-0.28979737,-7.6233473,4.7133985
169160743000000,1,-0.67539555,-8.243657,5.0343313
169160760000000,1,-1.0106983,-8.952583,5.6522465
169160760000000,1,-0.8813672,-9.19448,6.08814
169160777000000,1,-0.44307864,-8.885523,6.071375
169160777000000,4,0.34612012,0.10629718,0.09092022
169160777000000,1,0.22992188,-8.703502,5.726492
169160793000000,1,0.69216067,-8.155042,5.372029
169160810000000,1,0.97956306,-7.726333,5.3097587
169160810000000,1,1.1567944,-7.5131764,5.3169436
169160827000000,1,1.2166699,-7.5203614,5.4175344
169160827000000,1,1.1232642,-7.7215433,5.6187162
169160844000000,1,0.9699829,-8.035291,6.104905
169160860000000,1,0.8909473,-8.6077,6.109695
169160860000000,1,0.8382569,-9.053174,6.109695
169160877000000,1,0.7089258,-9.072334,6.1480155
169160877000000,1,0.42152345,-8.842413,6.109695
169160894000000,1,0.13891114,-8.595725,6.013894
169160911000000,1,0.16286133,-8.396939,5.9013286
169160911000000,1,0.21076173,-7.937095,5.52052
169160928000000,1,0.05748047,-7.0269876,5.4414845
169160928000000,1,-0.019160157,-6.325247,6.2438164
169160928000000,4,2.0947518,-0.6340616,-0.07046735
169160944000000,1,0.004790039,-6.006709,6.6030693
169160944000000,1,0.07424561,-5.704937,6.4282327
169160961000000,1,0.31853762,-5.733677,5.9252787
169160978000000,1,0.68976563,-6.1647806,6.2653713
169160978000000,1,1.0657837,-7.0581226,6.5551686
169160995000000,1,1.7651294,-8.0305,6.3851223
169160995000000,1,2.4620802,-8.104747,6.353987
169161011000000,1,3.0752053,-7.7790236,6.1408305
169161028000000,1,3.5853443,-7.197034,5.8438478
169161028000000,1,3.7458107,-6.461763,5.886958
169161045000000,1,3.8104763,-5.9300685,5.8438478
169161045000000,1,3.7482057,-5.4582496,5.7911572
169161062000000,1,3.671565,-5.257068,5.6690116
169161079000000,1,3.422483,-5.199588,5.5229154
169161079000000,1,3.4919386,-5.6761966,5.4606447
169161079000000,4,1.0806199,-0.313417,0.46163222
169161095000000,1,3.9853127,-7.089258,5.4582496
169161162000000,1,3.1039455,-6.976692,5.7911572
169161179000000,1,2.2201831,-7.0030375,6.0522146
169161179000000,1,1.7555494,-7.1563187,6.222261
169161196000000,1,1.6836988,-7.168294,6.1575956
169161196000000,1,1.6669337,-7.165899,6.3803325
169161213000000,1,1.6262183,-7.2832546,6.5216384
169161230000000,1,1.7244141,-7.278465,6.5455885
169161230000000,1,1.7339942,-6.8521514,6.581514
169161246000000,1,1.6334034,-6.2965064,6.813831
169161246000000,1,1.5543678,-5.9037232,6.962322
169161246000000,4,0.81110805,0.001901265,0.41209745
169161263000000,1,1.5519727,-5.728887,6.9240017
169161280000000,1,1.5926881,-5.7719975,6.864126
169161280000000,1,1.6286134,-5.8007374,6.847361
169161297000000,1,1.6645386,-5.855823,6.9934573
169161297000000,1,1.7842896,-6.0450296,7.082073
169161313000000,1,1.9998415,-6.361172,7.1060233
169161330000000,1,2.1818628,-6.6749196,7.1347637
169161330000000,1,2.3543043,-6.8761015,7.2808595
169161347000000,1,2.6177564,-6.8665214,7.29523
169161347000000,1,2.5770411,-6.3947024,7.2425394
169161364000000,1,2.2728736,-5.853428,7.237749
169161381000000,1,1.9758912,-5.5803957,7.2976246
169161381000000,1,1.719624,-5.5660257,7.3575
169161397000000,1,1.5040723,-5.613926,7.4269557
169161397000000,1,1.4394068,-5.6977515,7.4964113
169161414000000,1,1.575923,-5.927674,7.5035963
169161414000000,4,0.39458963,0.22826996,0.1697498
169161431000000,1,1.7747096,-6.1599903,7.3886356
169161431000000,1,1.9160157,-6.219866,7.2640944
169161448000000,1,1.9758912,-6.1575956,7.2521195
169161448000000,1,1.951941,-6.0498195,7.2353544
169161464000000,1,1.839375,-5.944439,7.2353544
169161481000000,1,1.7268091,-5.934859,7.2449346
169161481000000,1,1.6693287,-6.05461,7.2449346
169161498000000,1,1.6645386,-6.241421,7.204219
169161498000000,1,1.695674,-6.344407,7.197034
169161515000000,1,1.7579445,-6.327642,7.1706886
169161532000000,1,1.7866846,-6.248606,7.1251836
169161532000000,1,1.7675245,-6.1575956,7.094048
169161548000000,1,1.7699195,-6.1528053,7.1156034
169161548000000,1,1.7363893,-6.1959157,7.1635036
169161565000000,1,1.7651294,-6.215076,7.237749
169161582000000,1,1.7220191,-6.246211,7.288045
169161582000000,4,-0.0192656,0.016282335,-0.015606231
169161582000000,1,1.7435743,-6.2653713,7.2688847
169161599000000,1,1.8250049,-6.253396,7.2425394
169161599000000,1,1.8513502,-6.219866,7.206614
169161615000000,1,1.8513502,-6.128855,7.1443434
169161632000000,1,1.81782,-6.05461,7.1467385
169161632000000,1,1.8034497,-6.047425,7.1323686
169161649000000,1,1.7603394,-6.0833497,7.180269
169161649000000,1,1.719624,-6.1384354,7.220984
169161666000000,1,1.7387843,-6.191126,7.2593045
169161683000000,1,1.7699195,-6.1743608,7.2353544
169161683000000,1,1.7986598,-6.128855,7.213799
169161699000000,1,1.8274,-6.143225,7.182664
169161699000000,1,1.8657203,-6.1767554,7.117998
169161716000000,1,1.8872755,-6.207891,7.101233
169161716000000,1,1.8513502,-6.262976,7.0078273
169161733000000,1,1.8034497,-6.3132715,7.0030375
169161733000000,4,-0.010210851,0.028000243,-0.009214644
169161750000000,1,1.7435743,-6.3012967,7.065308
169161750000000,1,1.7363893,-6.325247,7.0988383
169161766000000,1,1.8058448,-6.318062,7.0988383
169161766000000,1,1.9303858,-6.2270513,7.094048
169161783000000,1,2.047742,-6.104905,7.192244
169161800000000,1,2.1411476,-6.07856,7.158714
169161800000000,1,2.0429518,-6.0258694,7.089258
169161817000000,1,1.9758912,-5.934859,6.821016
169161817000000,1,2.186653,-5.910908,6.67971
169161834000000,1,2.3662794,-6.456973,6.967112
169161850000000,1,2.562671,-6.7779055,6.7779055
169161850000000,1,2.7446926,-6.6509695,6.6821046
169161867000000,1,3.0105398,-6.567144,6.605464
169161867000000,1,3.168611,-6.7491655,6.466553
169161884000000,1,3.027305,-7.094048,6.5360084
169161901000000,1,2.6393116,-7.2521195,6.6174393
169161901000000,4,-0.5481694,0.13133089,0.39079216
169161901000000,1,2.3327491,-7.4101906,6.4976883
169161917000000,1,2.1291726,-7.479646,6.1312504
169161917000000,1,1.9136207,-7.3718705,6.006709
169161934000000,1,1.8609302,-7.407796,5.886958
169161951000000,1,1.9208057,-7.316785,5.8845634
169161951000000,1,1.9782863,-7.0988383,6.006709
169161968000000,1,1.8345851,-6.835386,6.2965064
169161968000000,1,1.5399976,-6.7731156,7.0245924
169161985000000,1,0.974773,-6.8425713,7.3096
169162001000000,1,0.54366946,-7.0365677,7.079678
169162001000000,1,-0.031135255,-6.816226,7.173084
169162018000000,1,-0.30416748,-6.456973,6.864126
169162018000000,1,-0.3784131,-6.100115,6.5072684
169162035000000,1,-0.61073,-5.592371,6.6533647
169162052000000,1,-0.79754156,-5.4103494,6.7970657
169162052000000,1,-0.92926764,-5.5875807,7.31439
169162052000000,4,-0.053886693,0.9063108,-0.2643455
169162068000000,1,-0.60354495,-5.855823,7.551497
169162068000000,1,-0.023950197,-6.090535,7.8700347
169162085000000,1,0.73527104,-7.3814507,8.241262
169162102000000,1,1.0370435,-8.123906,8.286768
169162102000000,1,0.94603276,-7.278465,7.527547
169162119000000,1,0.855022,-5.9564137,6.7467704
169162119000000,1,0.85741705,-5.4319043,6.3156667
169162136000000,1,1.22625,-6.4330225,6.3994923
169162152000000,1,2.0022364,-7.180269,6.9168167
169162152000000,1,1.9950514,-6.7970657,6.320457
169162169000000,1,2.179468,-7.182664,6.8497562
169162169000000,1,1.9567311,-7.1060233,6.0426345
169162186000000,1,1.7866846,-7.2593045,5.5684204
169162203000000,1,1.5519727,-7.9682302,5.3552637
169162203000000,1,1.4609619,-8.873548,5.3169436
169162219000000,1,1.2046949,-8.775352,5.199588
169162219000000,4,-1.461101,0.24744472,0.28373307
169162219000000,1,0.62749517,-7.94907,5.601951
169162236000000,1,0.21555176,-7.6592727,6.2342362
169162253000000,1,0.35925296,-7.9347,6.095325
169162253000000,1,0.3879932,-7.8748245,5.489385
169162270000000,1,0.34727785,-8.272398,5.333709
169162270000000,1,-0.19160157,-8.305928,5.3863993
169162287000000,1,-1.1543995,-7.5155716,6.104905
169162303000000,1,-1.7938697,-7.0198026,7.216194
169162303000000,1,-1.4418018,-7.30481,7.230564
169162320000000,1,-0.6825806,-7.810159,6.5407987
169162320000000,1,-0.38320315,-7.812554,6.1384354
169162337000000,1,-0.64186525,-7.2569094,6.327642
169162354000000,1,-1.343606,-6.5288234,6.6916847
169162354000000,1,-1.5926881,-6.69408,7.182664
169162370000000,1,-1.21188,-7.1706886,6.7228203
169162370000000,1,-0.5939649,-7.7862086,6.2749515
169162370000000,4,0.45317918,0.31721956,0.27148253
169162387000000,1,-0.09580079,-7.8891945,6.2821364
169162404000000,1,0.28979737,-7.5155716,6.320457
169162404000000,1,0.5005591,-7.201824,6.466553
169162421000000,1,0.26584718,-7.3694754,6.119275
169162421000000,1,-0.18681154,-7.92512,6.1575956
169162438000000,1,-0.26345217,-8.145462,6.2510014
169162454000000,1,0.028740235,-7.767049,6.2342362
169162454000000,1,0.32093263,-7.0988383,5.8845634
169162471000000,1,0.33530274,-6.758745,5.9372535
169162471000000,1,0.035925295,-7.067703,5.965994
169162488000000,1,-0.2203418,-7.7550735,6.342012
169162488000000,1,-0.26584718,-8.042476,6.3132715
169162505000000,1,-0.15567628,-7.8820095,6.1552005
169162521000000,1,0.07903565,-7.575447,6.016289
169162521000000,1,0.2945874,-7.424561,5.8198977
169162538000000,1,0.364043,-7.4964113,5.824688
169162538000000,4,-0.39849976,-0.069471456,-0.04436837
169162538000000,1,0.39996827,-7.6329274,5.6761966
169162555000000,1,0.44307864,-7.9802055,5.745652
169162572000000,1,0.6610254,-8.346643,5.8055277
169162572000000,1,0.7592212,-8.52148,5.2977834
169162589000000,1,0.122146,-7.6401124,5.4055595
169162589000000,1,-0.9268726,-6.832991,5.6857767
169162605000000,1,-1.3867164,-7.446116,6.5048733
169162622000000,1,-0.69695073,-8.737032,6.1935205
169162622000000,1,0.5963599,-9.026829,4.4403663
169162639000000,1,1.22625,-8.581355,4.634363
169162639000000,1,1.101709,-8.042476,5.362449
169162656000000,1,0.87418216,-7.5946074,5.0534916
169162672000000,1,0.46942386,-7.893985,4.8283596
169162672000000,1,0.05748047,-8.586145,4.7086086
169162689000000,1,-0.17244141,-9.012459,4.734954
169162689000000,1,-0.07185059,-9.086704,4.873865
169162689000000,4,-0.45442614,-0.12539783,0.030200139
169162706000000,1,0.2083667,-8.885523,4.88584
169162723000000,1,0.5460645,-8.51669,4.646338
169162723000000,1,0.7113208,-8.301138,4.6607084
169162740000000,1,0.7113208,-8.356223,4.8211746
169162740000000,1,0.6682105,-8.466394,4.734954
169162756000000,1,0.5748047,-8.641231,4.782854
169162773000000,1,0.51492923,-8.653206,5.0750465
169162773000000,1,0.45026368,-8.363408,5.216353
169162790000000,1,0.31135255,-8.023315,5.271438
169162790000000,1,0.1820215,-7.913145,5.1636624
169162807000000,1,0.122146,-7.9802055,5.108577
169162823000000,1,0.17723145,-8.135881,5.149292
169162823000000,1,0.35685793,-8.368198,5.122947
169162840000000,1,0.5388794,-8.54064,5.0415163
169162840000000,1,0.6011499,-8.53585,4.9648757
169162857000000,1,0.5724097,-8.480764,4.9169755
169162857000000,4,0.008431277,0.042381313,-0.052357856
169162874000000,1,0.51492923,-8.454419,4.996011
169162874000000,1,0.43110353,-8.346643,5.0343313
169162891000000,1,0.36164796,-8.382568,4.991221
169162891000000,1,0.31853762,-8.418494,5.0271463
169162907000000,1,0.1939966,-8.243657,5.1971927
169162924000000,1,0.05508545,-7.90117,5.343289
169162924000000,1,0.047900394,-7.824529,5.1876125
169162941000000,1,0.25866213,-8.286768,5.087022
169162941000000,1,0.51013917,-8.729847,5.381609
169162958000000,1,0.7161109,-8.557405,5.400769
169162974000000,1,0.7592212,-7.9778104,5.223538
169162974000000,1,0.6945557,-7.7694435,5.1540823
169162991000000,1,0.54366946,-7.917935,5.3217335
169162991000000,1,0.38080812,-8.1071415,5.391189
169163008000000,1,0.31135255,-8.152647,5.470225
169163025000000,1,0.29937744,-8.018526,5.4175344
169163025000000,4,0.16395989,0.030663405,-0.0779242
169163025000000,1,0.364043,-7.8772197,5.367239
169163042000000,1,0.44547364,-7.917935,5.3863993
169163042000000,1,0.50534916,-8.116721,5.5396805
169163058000000,1,0.5245093,-8.188572,5.6354814
169163075000000,1,0.51492923,-8.032896,5.479805
169163075000000,1,0.5891748,-7.7718387,5.3121533
169163092000000,1,0.6610254,-7.7239385,5.249883
169163092000000,1,0.6945557,-7.965835,5.2019825
169163109000000,1,0.6562354,-8.260423,5.158872
169163125000000,1,0.51971924,-8.408914,5.1564775
169163125000000,1,0.32332766,-8.363408,5.0510964
169163142000000,1,0.086220704,-8.571775,4.643943
169163142000000,1,0.004790039,-8.950189,5.0439115
169163159000000,1,0.07664063,-8.708291,5.5564456
169163176000000,1,0.27303225,-7.7383084,5.5660257
169163176000000,1,0.5005591,-7.038963,5.3241286
169163176000000,4,-0.13431416,-0.00395769,0.15962978
169163193000000,1,0.4742139,-6.8665214,5.858218
169163193000000,1,0.1580713,-7.0916533,5.508545
169163209000000,1,-0.12693603,-7.9826,5.51094
169163226000000,1,-0.023950197,-9.867481,5.5540504
169163226000000,1,0.05508545,-9.125025,4.761299
169163243000000,1,0.22992188,-8.123906,4.232
169163243000000,1,0.6586304,-8.825647,4.7014236
169163260000000,1,0.9029224,-8.499925,4.6607084
169163276000000,1,1.0466236,-7.9897857,4.0523734
169163276000000,1,1.223855,-8.763377,3.558999
169163293000000,1,1.1975098,-9.501043,3.66438
169163293000000,1,0.90052736,-9.043594,3.6931202
169163310000000,1,0.6586304,-8.962164,3.6116896
169163310000000,1,0.5412744,-9.4507475,3.4464333
169163327000000,1,0.47181886,-9.587264,3.5949244
169163344000000,1,0.5292993,-9.110655,3.915857
169163344000000,4,-0.6168789,-0.07746094,0.124476045
169163344000000,1,0.7161109,-8.626861,3.9972878
169163360000000,1,0.7568262,-8.586145,4.030818
169163360000000,1,0.65384036,-8.725057,4.129014
169163377000000,1,0.5125342,-8.768167,4.0978785
169163394000000,1,0.45026368,-8.840017,4.1553593
169163394000000,1,0.39996827,-8.811277,4.143384
169163411000000,1,0.3544629,-8.8879175,3.784131
169163411000000,1,0.2802173,-9.192085,3.784131
169163427000000,1,0.27542725,-9.261541,3.7386258
169163444000000,1,0.3784131,-9.125025,3.7434156
169163444000000,1,0.58677983,-8.998089,3.6212697
169163461000000,1,0.728086,-9.06994,3.4464333
169163461000000,1,0.79754156,-9.321417,3.1566358
169163478000000,1,0.7927515,-9.589659,2.9817994
169163495000000,1,0.7209009,-9.627979,2.8979738
169163495000000,1,0.59156984,-9.223221,3.2308815
169163495000000,4,-0.31061542,-0.022067185,-0.16580851
169163511000000,1,0.57001466,-8.646021,3.8703518
169163511000000,1,0.73527104,-8.308323,4.1146436
169163528000000,1,0.89573735,-8.5430355,3.7985013
169163545000000,1,0.8669971,-9.16574,3.5925295
169163545000000,1,0.6562354,-9.481883,3.295547
169163562000000,1,0.5125342,-9.436378,3.1374757
169163562000000,1,0.4622388,-9.592053,3.1350808
169163578000000,1,0.47181886,-9.81958,3.2236965
169163595000000,1,0.5221143,-9.433982,3.3650026
169163595000000,1,0.60833496,-8.859178,3.7146754
169163612000000,1,0.6682105,-8.53585,3.9924977
169163612000000,1,0.57959473,-8.238868,4.5074267
169163629000000,1,0.4766089,-7.8700347,4.9241605
169163646000000,1,0.5604346,-8.171807,4.351751
169163646000000,1,0.67539555,-9.314231,3.887117
169163662000000,1,0.68018556,-9.424402,3.8440065
169163662000000,4,0.4467876,0.051436063,-0.059282076
169163662000000,1,0.69695073,-8.792117,3.8559816
169163679000000,1,0.7089258,-8.756192,3.887117
169163696000000,1,0.6011499,-9.101074,3.8559816
169163696000000,1,0.5221143,-9.208851,3.8200562
169163713000000,1,0.54366946,-8.919053,4.0044727
169163713000000,1,0.5508545,-8.461604,4.239185
169163729000000,1,0.5843848,-8.384964,4.2751102
169163746000000,1,0.6179151,-8.693921,4.140989
169163746000000,1,0.60833496,-8.959768,3.9781277
169163763000000,1,0.5460645,-8.928633,4.176914
169163763000000,1,0.49576905,-8.844808,4.0763235
169163780000000,1,0.57719976,-9.201666,3.7529957
169163797000000,1,0.6586304,-9.390872,3.6811452
169163797000000,1,0.7496411,-9.086704,3.671565
169163813000000,1,0.8382569,-9.079519,3.542234
169163813000000,1,0.74724615,-9.19927,3.7386258
169163813000000,4,0.10110928,0.015749702,-0.09922949
169163830000000,1,0.5963599,-8.832832,4.378096
169163847000000,1,0.58198977,-8.157437,4.7014236
169163847000000,1,0.6610254,-8.056846,4.624783
169163864000000,1,0.6825806,-8.56938,4.6128078
169163864000000,1,0.7592212,-8.940608,4.0930886
169163880000000,1,0.8669971,-9.19927,3.8535867
169163897000000,1,0.90052736,-9.223221,3.7529957
169163897000000,1,0.79993653,-9.18011,3.8703518
169163914000000,1,0.5843848,-8.49753,4.6511283
169163914000000,1,0.47900394,-7.8652444,5.0487013
169163931000000,1,0.49097902,-8.0999565,5.0750465
169163948000000,1,0.5125342,-8.293953,5.113367
169163948000000,1,0.6466553,-8.452024,4.670288
169163964000000,1,0.86220706,-8.801697,4.663103
169163964000000,1,0.8861573,-7.9945755,5.257068
169163981000000,1,0.8214917,-6.940767,5.5660257
169163981000000,4,0.5304109,0.054099225,-0.082717896
169163998000000,1,0.81191164,-7.5251517,4.9073954
169163998000000,1,0.6682105,-9.2328005,4.5792775
169164015000000,1,0.48139894,-9.505833,4.734954
169164015000000,1,0.5843848,-8.389753,4.8523097
169164031000000,1,0.96040285,-7.89638,4.631968
169164048000000,1,1.1136842,-8.631651,4.1098537
169164048000000,1,0.99393314,-9.311836,4.6726832
169164065000000,1,0.60833496,-8.1143265,5.388794
169164065000000,1,0.14370118,-6.7898808,6.023474
169164082000000,1,-0.18441652,-6.6916847,5.944439
169164082000000,1,-0.22273682,-8.181387,5.391189
169164099000000,1,0.026345216,-9.405242,5.8342676
169164115000000,1,0.5987549,-8.595725,4.82357
169164115000000,1,1.2789404,-8.377779,4.253555
169164132000000,1,1.6453785,-8.808882,3.9541774
169164132000000,1,1.6286134,-8.926238,3.9709425
169164132000000,4,-0.45336086,-0.09557043,-0.22333279
169164149000000,1,1.2022998,-8.270002,4.6894484
169164166000000,1,0.68737066,-7.7071733,4.8379397
169164166000000,1,0.2682422,-8.346643,5.0750465
169164182000000,1,0.033530276,-8.780142,5.0271463
169164182000000,1,0.12693603,-8.835227,4.6678934
169164199000000,1,0.39757326,-9.153765,4.5457473
169164216000000,1,0.55803955,-9.208851,4.5074267
169164216000000,1,0.6322852,-8.950189,4.4379716
169164233000000,1,0.7831714,-8.962164,4.375701
169164233000000,1,0.8909473,-8.842413,4.4834766
169164249000000,1,0.847837,-8.255632,5.0606766
169164266000000,1,0.8382569,-7.709568,5.4223247
169164266000000,1,0.93405765,-7.6425076,4.9217653
169164283000000,1,1.1184741,-8.071217,4.378096
169164283000000,1,1.0705738,-7.6425076,4.5792775
169164300000000,1,0.852627,-7.8532696,5.079837
169164300000000,4,0.6161647,0.078067675,-0.3074887
169164317000000,1,0.60833496,-8.792117,5.364844
169164317000000,1,0.45744875,-9.611214,4.7708793
169164333000000,1,0.47900394,-9.7812605,4.014053
169164333000000,1,0.53169435,-8.600515,5.9085135
169164350000000,1,0.79993653,-7.31439,5.9013286
169164367000000,1,1.21188,-6.6821046,5.132527
169164367000000,1,1.5495777,-6.569539,5.743257
169164384000000,1,1.698069,-7.0269876,5.484595
169164384000000,1,1.6884888,-8.0305,4.4499464
169164400000000,1,1.7483643,-9.783655,4.988826
169164417000000,1,1.3076807,-8.825647,6.6461797
169164417000000,1,0.52690434,-6.4833183,6.133645
169164434000000,1,0.043110352,-6.5240335,5.125342
169164434000000,1,0.038320314,-7.709568,5.326524
169164451000000,1,0.23471193,-8.308323,6.6773148
169164468000000,1,0.5364844,-8.353828,6.6294146
169164468000000,4,0.36636013,0.3726133,0.093583375
169164468000000,1,0.974773,-8.413704,5.637876
169164484000000,1,1.3771362,-8.293953,4.864285
169164484000000,1,1.6046631,-8.119117,4.9457154
169164501000000,1,1.4920973,-7.711963,5.585186
169164518000000,1,1.1783496,-7.0054326,6.1959157
169164518000000,1,0.85741705,-6.423443,6.7946706
169164535000000,1,0.76880133,-6.6773148,6.8042507
169164535000000,1,0.7664063,-7.472461,6.4162574
169164551000000,1,0.76880133,-7.774234,6.2965064
169164568000000,1,0.72569096,-7.551497,6.4066777
169164568000000,1,0.69216067,-7.201824,6.4928985
169164585000000,1,0.8095166,-7.0365677,6.461763
169164585000000,1,0.99393314,-6.9168167,6.5623536
169164602000000,1,1.1112891,-6.6413894,6.6198344
169164619000000,1,1.094524,-6.4162574,6.567144
169164619000000,1,1.0154883,-6.5455885,6.6198344
169164619000000,4,0.6140342,0.22347628,-0.22546332
169164635000000,1,0.79993653,-6.9311867,6.7779055
169164635000000,1,0.4622388,-7.1706886,7.0269876
169164652000000,1,0.30177248,-6.9934573,6.912027
169164669000000,1,0.4047583,-7.0030375,6.9240017
169164669000000,1,0.5748047,-7.0245924,7.086863
169164686000000,1,0.90052736,-6.591094,6.6342044
169164686000000,1,1.2885206,-6.4210477,6.219866
169164702000000,1,1.468147,-6.6605496,6.353987
169164719000000,1,1.343606,-6.854546,6.339617
169164719000000,1,0.96758795,-7.1467385,6.4042826
169164736000000,1,0.5556446,-7.5946074,6.6126494
169164736000000,1,0.24189699,-7.8556643,6.7395854
169164753000000,1,0.14849122,-7.7790236,6.7324004
169164770000000,1,0.3281177,-7.326365,6.672525
169164770000000,1,0.6610254,-6.847361,6.7371902
169164786000000,1,0.9532178,-6.4162574,6.8904715
169164786000000,4,-0.19183844,-0.087048315,0.20916457
169164786000000,1,1.0538087,-6.1408305,6.8928666
169164803000000,1,1.0346485,-6.0378447,6.7659307
169164820000000,1,0.90052736,-6.1623855,6.8018556
169164820000000,1,0.6849756,-6.576724,6.864126
169164837000000,1,0.3879932,-7.086863,6.6461797
169164837000000,1,0.1341211,-7.8604546,6.2893214
169164853000000,1,0.28979737,-8.710687,5.944439
169164853000000,1,0.9915381,-10.483001,4.9720607
169164870000000,1,1.2597803,-9.946517,5.000801
169164887000000,1,1.3531861,-8.064031,4.643943
169164887000000,1,1.5352076,-7.563472,5.012776
169164904000000,1,1.6693287,-7.2593045,5.4271145
169164904000000,1,1.6310084,-7.0341725,5.599556
169164921000000,1,1.4082716,-7.321575,5.7624173
169164937000000,1,1.0801538,-7.829319,5.997129
169164937000000,1,0.7568262,-8.104747,6.143225
169164937000000,4,1.2116475,-0.002892426,-0.08112
169164954000000,1,0.51013917,-7.965835,6.205496
169164954000000,1,0.41194338,-8.01613,6.3060865
169164971000000,1,0.48618898,-7.9873905,6.480923
169164988000000,1,0.8095166,-7.688013,6.473738
169164988000000,1,1.1280543,-7.3646855,6.3947024
169165004000000,1,1.1496094,-6.7324004,6.437813
169165004000000,1,1.0657837,-6.342012,6.821016
169165021000000,1,0.8646021,-6.09772,7.237749
169165038000000,1,0.62989014,-5.647456,7.424561
169165038000000,1,0.5125342,-4.641548,8.023315
169165055000000,1,0.64186525,-4.6726832,7.7718387
169165055000000,1,0.7568262,-6.0570045,7.8269243
169165072000000,1,0.7185059,-6.792276,7.7574687
169165088000000,1,0.88376224,-7.7215433,7.965835
169165088000000,1,0.99393314,-8.116721,7.783814
169165105000000,1,1.2070899,-7.9778104,7.7694435
169165105000000,4,0.40790546,-0.29424223,0.15270557
169165105000000,1,1.7387843,-7.6185575,8.111932
169165122000000,1,2.0309765,-6.7395854,8.076006
169165139000000,1,2.2273684,-5.8031325,8.217313
169165139000000,1,2.3590944,-4.622388,8.296348
169165155000000,1,2.1459377,-2.9913795,7.9826
169165155000000,1,1.6118482,-2.1650977,8.53585
169165172000000,1,0.7161109,-2.6536818,8.780142
169165189000000,1,0.40954837,-3.9924977,8.372989
169165189000000,1,0.7113208,-5.400769,8.533455
169165206000000,1,1.2502003,-6.255791,8.765772
169165206000000,1,1.947151,-6.356382,8.847202
169165223000000,1,2.5985963,-5.9037232,8.813672
169165239000000,1,2.7662477,-5.240303,9.19927
169165239000000,1,2.5267458,-4.387676,8.174202
169165256000000,1,2.3854396,-3.0776002,7.3814507
169165256000000,1,2.184258,-1.7938697,7.165899
169165256000000,4,3.697442,0.30976272,-0.32985926
169165273000000,1,1.829795,-0.7544312,6.933582
169165290000000,1,1.4082716,0.16286133,6.9240017
169165290000000,1,0.9651929,1.0106983,7.220984
169165306000000,1,0.07664063,1.4873072,8.464
169165306000000,1,-0.82388675,1.7483643,8.892708
169165323000000,1,-1.2502003,1.8968556,8.693921
169165340000000,1,-1.3172607,1.9591261,8.717872
169165340000000,1,-1.1256592,2.0118165,8.729847